job_title,company_name,posting_date,job_type,industry,stipend,location
Trainee Technical Professional,HLS Asia Limited,"22 Nov 2024, 04:44 PM",Full Time,Core Engineering,"INR 9,00,000  - INR 11,00,000","Multiple locations <span class=""jss260"">&gt;</span>"
Graduate Engineering Trainee - Customer Service,A.O. Smith India Water Products Private Limited,"21 Nov 2024, 08:31 PM",Full Time,Core Engineering,"INR 5,50,000 ",PAN India
Software Engineer Intern,Zanskar,"21 Nov 2024, 08:12 PM",Internship,IT / ITES,"INR 40,000 ","Gandhinagar, Gujarat, India"
Data Science Intern - LLM / Prompt Engineering,Blink Analytics,"21 Nov 2024, 12:13 PM",Internship,IT Product &amp; Services,"INR 15,000 ","Ahmedabad, Gujarat, India"
Business Development Associate - 2025 Batch,PlanetSpark,"21 Nov 2024, 10:23 AM",Confident,Interpersonal Communication,Interpersonal Skills,Sales &amp; Marketing
"Quality Assurance Intern, Software Development Intern",Eclat Engineering Private Limited,"21 Nov 2024, 10:10 AM",Internship + Full-Time,IT / ITES,"INR 3,30,000  - INR 5,00,000","Ahmedabad, Gujarat, India"
Research Intern,CLOUDTHAT TECHNOLOGIES PRIVATE LIMITED,"19 Nov 2024, 03:07 PM",Internship + Full-Time,IT Product &amp; Services,"INR 4,00,000  - INR 7,00,000","Ahmedabad, Gujarat, India"
Graduate Engineer Trainee,KEBA India Private Limited,"19 Nov 2024, 02:41 PM",Internship + Full-Time,Core Engineering,"INR 4,00,000 ","Ahmedabad, Gujarat, India"
Digital Construction Engineer,Visilean Limited,"18 Nov 2024, 07:55 PM",Full Time,Construction &amp; Engineering,"INR 3,00,000 ","Ahmedabad, Gujarat, India"
Graduate Engineer Trainee,Emerson Automation Solutions,"18 Nov 2024, 07:39 PM",Full Time,Core Electrical Engineering / Manufacturing,"INR 6,00,000 ","Pune City, Maharashtra, India"
"Technical Trainee, Engineer",Baxter Pharmaceuticals India Privet Limited,"18 Nov 2024, 06:25 PM",Full Time,Bio Technology &amp; Life Sciences,"INR 7,39,000 ","Ahmedabad, Gujarat, India"
Graduate Engineer Trainee,CBM Engineers India,"18 Nov 2024, 05:56 PM",Full Time,Construction &amp; Engineering,"INR 4,20,000 ","Multiple locations <span class=""jss260"">&gt;</span>"
Graduate Engineer Trainee,Kirloskar Oil Engines Ltd.,"16 Nov 2024, 02:22 PM",Internship + Full-Time,"INR 7,26,000 ","Sanand, Gujarat, India"," 17 Nov, 2024
             -
            02:30 PM"
Junior Developer / Engineer,Inventyv Software Services Private Limited,"16 Nov 2024, 12:50 PM",Internship + Full-Time,IT Product &amp; Services,"INR 4,80,000 ","Ahmedabad, Gujarat, India"
Graduate Engineer Trainee,Recruitment Smart Technologies India Private Limited,"16 Nov 2024, 12:13 PM",Internship + Full-Time,Consultancy,"INR 10,00,000 ","Ahmedabad, Gujarat, India"
Graduate Engineer Trainee,UPL Limited,"15 Nov 2024, 03:45 PM",Internship + Full-Time,Core Engineering,"INR 5,25,000 ",PAN India
Graduate Engineer Trainee,ArcelorMittal Nippon Steel India Limited,"13 Nov 2024, 10:55 AM",Full Time,Core Electrical Engineering / Manufacturing,"INR 6,00,000 ",PAN India
Graduate Engineer Trainee (Techno Commercial Work Profile),Ratnamani Metal and Tubes Limited,"11 Nov 2024, 03:54 PM",Full Time,Core Engineering,"INR 4,90,000 ","Ahmedabad, Gujarat, India"
Graduate Engineer Trainee,Worley India Private Limited,"08 Nov 2024, 09:32 AM",Full Time,Core Engineering,"INR 5,80,000 ","Vadodara, Gujarat, India"
Intern,Infor India Private Limited,"07 Nov 2024, 02:23 PM",Internship,IT Product &amp; Services,"INR 40,000  - INR 50,000","Multiple locations <span class=""jss260"">&gt;</span>"
Graduate Trainee Engineer,Go Digit General Insurance Limited,"04 Nov 2024, 01:50 PM",Full Time,IT Product &amp; Services,"INR 6,00,000  - INR 7,50,000","Multiple locations <span class=""jss260"">&gt;</span>"
Graduate Engineer Trainee,"Micron Technology, Inc.","04 Nov 2024, 11:38 AM",Full Time,Semiconductor,"INR 13,17,000 ","Sanand, Gujarat, India"
Graduate Engineer Trainee,Enertech Fuel Solutions Private Limited,"30 Oct 2024, 05:43 PM",Internship + Full-Time,Core Electrical Engineering / Manufacturing,"INR 4,50,000  - INR 5,00,000","Gujarat, India"
Software Engineer,DRC Systems India Limited,"30 Oct 2024, 08:39 AM",Internship + Full-Time,IT Product &amp; Services,"INR 6,00,000 ","Gandhinagar, Gujarat, India"
Intern,Semitronik Instruments,"29 Oct 2024, 05:05 PM",Internship,IT / ITES,"INR 30,000 ","Gandhinagar, Gujarat, India"
Intern Design Engineering,Cadence Design Systems India Private Limited,"29 Oct 2024, 04:39 PM",Internship,Semiconductor,"INR 40,000 ","Pune, Maharashtra, India"
Graduate Engineer Trainee,PI Industries Limited,"29 Oct 2024, 04:11 PM",Full Time,Chemicals / Petrochemicals / Polymer,"INR 5,00,000 ","Bharuch, Gujarat, India"
"Fullstack Developer, Manual / Automation Tester",MyWays.ai,"29 Oct 2024, 03:52 PM",Internship + Full-Time,IT / ITES,"INR 6,00,000  - INR 7,00,000","Ahmedabad, Gujarat, India"
Graduate Engineer Trainee,Carrier Midea India,"28 Oct 2024, 04:33 PM",Communication Skills,Good Scholastic,Positive Attitude,Presentation Skills
Management Trainee,Onlinesales.ai,"28 Oct 2024, 02:41 PM",Internship + Full-Time,Others,"INR 8,00,000 ",PAN India
Graduate Engineer Trainee,Suzuki Motor Gujarat Private Limited,"27 Oct 2024, 07:49 PM",Full Time,Automotive / Ancillaries / Automobile,"INR 7,00,000 ","Ahmedabad, Gujarat, India"
Trainee Trader and Research,Xion Multiventures Private Limited,"27 Oct 2024, 07:15 PM",Full Time,Consultancy,"INR 16,20,000 ","Gurugram, Haryana, India"
Business Process Analyst,Searce Technologies Inc.,"27 Oct 2024, 06:52 PM",Full Time,Consultancy,"INR 7,00,000 ","Multiple locations <span class=""jss260"">&gt;</span>"
Graduate Engineer Trainee,Infineon Technologies India Private Limited,"24 Oct 2024, 03:39 PM",Internship + Full-Time,Semiconductor,"INR 5,56,200 ","Ahmedabad, Gujarat, India"
GET - Technical Sales,Sanmar Engineering Technologies Limited,"24 Oct 2024, 03:23 PM",Full Time,Manufacturing / Core,"INR 4,89,000 ",PAN India
Graduate Engineer Trainee,TATA Power Limited,"24 Oct 2024, 11:39 AM",Full Time,Power / Energy,"INR 6,97,000 ",PAN India
Consulting Sales Engineer,Keyence India Private Limited,"22 Oct 2024, 12:31 PM",Full Time,Core Electrical Engineering / Manufacturing,"INR 5,91,000 ","Multiple locations <span class=""jss260"">&gt;</span>"
Application Development,KavayahCloud Private Limited,"21 Oct 2024, 01:16 PM",Internship,IT Product &amp; Services,"INR 10,000  - INR 15,000","Gandhinagar, Gujarat, India"
Graduate Engineer Trainee,Orangewood Research and Advancement Private Limited,"19 Oct 2024, 12:08 PM",Internship + Full-Time,IT Product &amp; Services,"INR 6,00,000  - INR 10,00,000",PAN India
Systems Engineer,Infosys Limited,"15 Oct 2024, 03:03 PM",Full Time,IT / Computers - Software,"INR 3,60,000 ",PAN India
Lean Consultant - Batch B,Gemba Concepts,"15 Oct 2024, 01:12 PM",Internship + Full-Time,IT Product &amp; Services,"INR 4,50,000 ",Remote Working
"Software Development Engineer - Frontend, Machine Learning Engineers",Commotion,"15 Oct 2024, 11:12 AM",Internship + Full-Time,IT Product &amp; Services,"INR 25,00,000 ","Mumbai, Maharashtra, India"
"Jr. Software Developer, Jr. Software Developer",Sciative Solutions Private Limited,"14 Oct 2024, 04:29 PM",Internship + Full-Time,IT Product &amp; Services,"INR 6,30,000 ","Multiple locations <span class=""jss260"">&gt;</span>"
Graduate Engineer Trainee,Injala,"12 Oct 2024, 05:17 PM",Internship + Full-Time,IT Product &amp; Services,"INR 5,00,000 ","Ahmedabad, Gujarat, India"
Internship - Firmware,HALMA India Private Limited,"10 Oct 2024, 03:24 PM",Internship + Full-Time,IT / Computers - Software,"INR 10,00,000 ","Ahmedabad, Gujarat, India"
Software Engineering Intern,NVIDIA Corporation,"08 Oct 2024, 03:25 PM",Internship,IT Product &amp; Services,"INR 80,000 ","Multiple locations <span class=""jss260"">&gt;</span>"
Project Trainee / Intern,"Conga, The Revenue Company","07 Oct 2024, 08:36 PM",Internship + Full-Time,IT Product &amp; Services,"INR 8,40,000 ","Ahmedabad, Gujarat, India"
Analyst – Technology & Transformation – EAD - ADMM,Deloitte Shared Services India LLP,"07 Oct 2024, 10:09 AM",Internship + Full-Time,Consultancy,"INR 7,60,000 ",PAN India
Graduate Engineer Trainee,Sahajanand Technologies Private Limited (STPL),"06 Oct 2024, 11:52 PM",Internship + Full-Time,Manufacturing / Core,"INR 5,00,000 ","Surat City, Gujarat, India"
SDE Intern,Titan Company Limited,"06 Oct 2024, 09:22 AM",Internship,Electrical / Switchgear,"INR 1,00,000 ","Bengaluru, Karnataka, India"
Graduate Engineer Trainee,Riviera Infraprojects Private Limited,"05 Oct 2024, 08:24 PM",Full Time,Construction &amp; Engineering,"INR 3,36,000 ","Ahmedabad, Gujarat, India"
Graduate Engineer,AtkinsRéalis Group Inc.,"01 Oct 2024, 09:32 AM",Internship + Full-Time,Core Engineering,"INR 5,70,000 ",PAN India
Trainee Quantitative Traders / Quantitative Strategist,Miracles Fintech Private Limited,"01 Oct 2024, 08:58 AM",Internship + Full-Time,Technology,"INR 4,00,000 ","Ahmedabad, Gujarat, India"
R&D Intern,Samsung R&D,"30 Sep 2024, 02:23 PM",Internship + Full-Time,Consumer Electronics / Appliances,"Noida, Uttar Pradesh, India"," 01 Oct, 2024
             -
            02:30 PM"
Graduate Engineer Trainee,Asahi India Glass Limited,"27 Sep 2024, 03:07 PM",Internship + Full-Time,Glass,"INR 4,50,000 ","Patan, Gujarat, India"
"Graduate Engineer Trainee, Hardware Engineer",NXP Semiconductors,"27 Sep 2024, 12:09 PM",Internship + Full-Time,Semiconductor,"INR 23,00,000 ",Remote Working
AI R&D Intern,Tcules,"26 Sep 2024, 06:55 PM",Internship,IT / ITES,"INR 15,000  - INR 20,000","Ahmedabad, Gujarat, India"
Hardware Engineering Intern,Google IT Services India Private Limited,"26 Sep 2024, 12:10 PM",Internship + Full-Time,IT / ITES,"INR 15,00,000 ",PAN India
Executive Management Trainee,Prakash Chemicals International Private Limited,"25 Sep 2024, 02:30 PM",Full Time,Chemicals / Petrochemicals / Polymer,"INR 4,89,100 ","Vadodara, Gujarat, India"
Software Engineer - Trainee,Mindarray Systems Private Limited,"25 Sep 2024, 01:57 PM",Internship + Full-Time,IT / Computers - Software,"INR 7,00,000 ","Ahmedabad, Gujarat, India"
Graduate Trainee,Johnson Controls-Hitachi Air Conditioning India Limited,"25 Sep 2024, 12:11 PM",Full Time,HVAC,"INR 7,00,000  - INR 7,50,000",PAN India
"Splunk Implementation Engineer, Technical Support Engineer",Crest Data Systems,"24 Sep 2024, 09:14 AM",Internship + Full-Time,IT / ITES,"INR 6,00,000 ","Ahmedabad, Gujarat, India"
Hardware Engineer-I,"Cisco Systems, Inc.","23 Sep 2024, 01:48 PM",Internship + Full-Time,IT Product &amp; Services,"INR 24,73,633 ",PAN India
Embedded Hardware Engineer,Glide Technology Private Limited,"23 Sep 2024, 08:59 AM",Internship + Full-Time,IT Product &amp; Services,"INR 6,00,000 ","Ahmedabad, Gujarat, India"
Graduate Engineer Trainee,Hitech Projects Private Limited,"20 Sep 2024, 12:39 PM",Internship + Full-Time,Construction &amp; Engineering,"INR 3,36,000 ","Gujarat, India"
Hardware Engineering Intern,NVIDIA Corporation,"19 Sep 2024, 11:40 AM",Internship + Full-Time,IT Product &amp; Services,"INR 16,00,000  - INR 28,99,758","Multiple locations <span class=""jss260"">&gt;</span>"
Graduate Engineer Trainee,Carrier Airconditioning & Refrigeration Limited,"15 Sep 2024, 12:54 PM",Full Time,HVAC,"INR 7,50,000 ",PAN India
Graduate Engineer Trainee,Skipper Limited,"11 Sep 2024, 03:25 PM",Full Time,Construction &amp; Engineering,"INR 5,50,000 ","Ahmedabad, Gujarat, India"
"Graduate Engineer Trainee, Data Analyst, Mobile App Developer, Back End Developer, Front End Developer",Medkart Pharmacy Private Limited,"10 Sep 2024, 12:38 PM",Internship + Full-Time,Dotcom / Internet / E-commerce,"INR 5,50,000 ",Remote Working
Graduate Engineer Traine,Secure Meters Limited,"10 Sep 2024, 11:23 AM",Internship + Full-Time,Electrical / Switchgear,"INR 5,00,000 ","Sanand, Gujarat, India"
Graduate Engineer Trainee,DCM Shriram Limited,"06 Sep 2024, 03:41 PM",Full Time,Core Engineering,"INR 6,50,000 ","Bharuch, Gujarat, India"
Graduate Engineer Trainee,Siemens Energy Industrial Turbomachinery India Private Limited,"04 Sep 2024, 11:52 AM",Full Time,Core Engineering,"INR 5,00,000  - INR 6,00,000","Ahmedabad, Gujarat, India"
"Power Analyst, Python Developer",Ananta Consulting Group,"27 Aug 2024, 06:42 PM",Internship + Full-Time,Consultancy,"INR 4,00,000  - INR 6,00,000","Vadodara, Gujarat, India"
Graduate Engineer Trainee,Torrent Power Limited,"25 Aug 2024, 07:07 AM",Full Time,Core Engineering,"INR 4,50,000 ","Ahmedabad, Gujarat, India"
Associate Engineer,"eInfochips, an Arrow Electronics Company","24 Aug 2024, 07:23 PM",Internship + Full-Time,Semiconductor,"INR 5,60,000 ","Ahmedabad, Gujarat, India"
Graduate Engineer Trainee,OnlineSales.ai,"23 Aug 2024, 12:29 PM",Internship + Full-Time,IT Product &amp; Services,"INR 10,50,000 ",PAN India
"Graduate Engineer Trainee - A, Graduate Engineer Trainee - B",Torrent Power Limited,"22 Aug 2024, 11:53 AM",Full Time,Core Engineering,"INR 4,75,000 ","Surat City, Gujarat, India"
"APE Trainees, ASA Trainee",Wonderlend Hubs Private Limited,"21 Aug 2024, 06:52 PM",Internship + Full-Time,IT / Computers - Software,"INR 7,50,000 ",Remote Working
Full Stack Engineer (Intern),Playpower Labs Inc,"14 Aug 2024, 03:05 PM",Internship + Full-Time,IT / Computers - Software,"INR 6,00,000  - INR 9,00,000",Remote Working
Graduate Engineer Trainee,Siemens Limited,"10 Aug 2024, 04:20 PM",Full Time,Core Engineering,"INR 5,00,000 ",PAN India
"Salesforce Developer, Frontend Developer",Astound Digital,"07 Aug 2024, 09:21 AM",Internship + Full-Time,Consultancy,"INR 6,00,000 ","Ahmedabad, Gujarat, India"
Intern,"SiFive, Inc.","01 Aug 2024, 05:32 PM",Internship,Semiconductor,"INR 40,000 ","Ahmedabad, Gujarat, India"
Graduate Engineer Trainee,ALSTOM Transport India Limited,"29 Jul 2024, 11:09 AM",Full Time,Manufacturing / Core,"INR 6,80,000 ",PAN India
Associate Software Engineer,Accenture Solutions Private Limited,"20 Jul 2024, 06:16 PM",Full Time,IT / Computers - Software,"INR 4,50,000 ",PAN India
Graduate Engineer Trainee,Honda R&D India,"17 Jul 2024, 04:53 PM",Full Time,Automotive / Ancillaries / Automobile,"INR 11,07,000 ","Gurugram, Haryana, India"
Graduate Engineer Trainee,Infineon Technologies India Private Limited,"19 Sep 2024, 02:54 PM",Internship + Full-Time,Semiconductor,"INR 12,37,893 ","Gujarat, India"
Software Engineering Interns,National Instruments Corporation,"19 Sep 2024, 09:40 AM",Internship + Full-Time,Core Engineering,"INR 8,00,000  - INR 10,00,000","Bengaluru, Karnataka, India"
"Graduate Engineer Trainee - Mobile Robotics, Graduate Engineer Trainee - Software",Addverb Technologies Limited,"12 Sep 2024, 05:11 PM",Full Time,IT Product &amp; Services,"INR 16,00,447 ","Noida, Uttar Pradesh, India"
"Software Engineering Internship, Graduate Engineer Trainee",State Street Corporation,"12 Sep 2024, 01:02 PM",Internship + Full-Time,IT / ITES,"INR 10,00,000 ",Remote Working
Graduate (Actuarial) Analyst,WTW India,"10 Sep 2024, 03:22 PM",Full Time,Consultancy,"INR 10,00,000 ","Gurgaon, Haryana, India"
"DevOps Engineer, UI/UX Designer, Flutter Developer, Full Stack Developer",Quicko Infosoft Private Limited,"04 Sep 2024, 02:13 PM",Internship + Full-Time,IT Product &amp; Services,"INR 8,40,000 ","Ahmedabad, Gujarat, India"
"Product Role, Flutter Developer, Python Developer",Kuhoo Technology Services Private Limited,"03 Sep 2024, 10:09 PM",Internship + Full-Time,IT Product &amp; Services,"INR 8,00,000 ","Mumbai, Maharashtra, India"
"Software Developer, Software Developer",IBM India Private Limited,"03 Sep 2024, 02:00 PM",Internship + Full-Time,IT / Computers - Software,"INR 9,25,000 ",Remote Working
Analyst,Effiya Technologies,"29 Aug 2024, 01:26 PM",Internship + Full-Time,IT / Computers - Software,"INR 14,13,653 ","Multiple locations <span class=""jss188"">&gt;</span>"
Design / Software Engineer,NXP Semiconductors,"23 Aug 2024, 12:50 PM",Internship + Full-Time,Semiconductor,"INR 22,70,000 ","Multiple locations <span class=""jss188"">&gt;</span>"
Graduate Engineer Trainee,Arm Limited,"22 Aug 2024, 02:44 PM",Internship + Full-Time,Technology,"INR 28,65,241 ","Bengaluru, Karnataka, India"
Trainee – Market Analysts,Futures First Info Services Private Limited,"17 Aug 2024, 02:38 PM",Internship + Full-Time,Market Research,"INR 13,38,000 ","Jaipur, Rajasthan, India"
Business Analyst Intern,Flipkart Private Limited,"13 Aug 2024, 09:15 AM",Internship,Dotcom / Internet / E-commerce,"INR 50,000 ","Bengaluru, Karnataka, India"
Analyst,Aspect Ratio Private Limited,"12 Aug 2024, 10:06 AM",Full Time,IT / Computers - Software,"INR 12,00,000 ","Pune City, Maharashtra, India"
"Data Science AI ML, Software Developer",Odysseus Solutions,"02 Aug 2024, 03:44 PM",Internship + Full-Time,Travel / Tourism,"INR 10,00,000  - INR 14,00,000","Multiple locations <span class=""jss188"">&gt;</span>"
"AssociateProduct Manager, SDE 1 - FullStack",Shipmnts.com -  (Logistixian Technologies Private Limited),"29 Jul 2024, 03:28 PM",Internship + Full-Time,Shipping / Marine Services,"INR 12,00,000 ","Ahmedabad, Gujarat, India"
Applications Developer,Oracle India Private Limited,"24 Jul 2024, 06:55 PM",Full Time,IT / Computers - Software,"INR 19,18,300 ","Gandhinagar, Gujarat, India"
"Software Quality Assurance / Automation:, Software Development",Commvault Systems,"20 Jul 2024, 08:11 PM",Internship + Full-Time,IT / Computers - Software,"INR 34,15,765 ","Bengaluru, Karnataka, India"
Graduate Engineer Trainee,Schneider Electric,"20 Jul 2024, 07:06 PM",Internship + Full-Time,Consumer Electronics / Appliances,"INR 12,00,000 ",PAN India
Specialist Programmer,Infosys Limited,"18 Jul 2024, 03:21 PM",Full Time,IT / Computers - Software,"INR 9,50,000 ",PAN India
Associate Enginner,Infocusp Innovations,29 Jul 2024,Internship + Job,IT / Computers - Software,"40,000",Ahmedabad
